Zachary Darci Darci.Zachary@rate.com green 05/23/1994
Eldrid Aryn Aryn.Eldrid@rate.com black 11/02/1925
Olympium Melisent Melisent.Olympium@rate.com green 10/17/1976
Kamaria Dennie Dennie.Kamaria@rate.com blue 11/03/1911
Ulphia Marti Marti.Ulphia@rate.com white 06/30/2012
Fairweather Tami Tami.Fairweather@rate.com white 09/16/1907
Riordan Mamie Mamie.Riordan@rate.com black 06/15/1985
Susannah Albertina Albertina.Susannah@rate.com green 03/26/1940
Ardra Jenda Jenda.Ardra@rate.com black 01/16/1910
Urania Quintina Quintina.Urania@rate.com blue 08/19/1983
Verger Annora Annora.Verger@rate.com red 05/14/1985
Alwin Carol-Jean Carol-Jean.Alwin@rate.com black 04/13/1926
Chapland Daryl Daryl.Chapland@rate.com red 03/10/1968
Thornburg Kassey Kassey.Thornburg@rate.com red 03/21/1997
Alrich Cindelyn Cindelyn.Alrich@rate.com blue 12/14/1937
Stav Max Max.Stav@rate.com purple 01/04/1967
Kravits Sharlene Sharlene.Kravits@rate.com red 09/17/1932
Wilona Paola Paola.Wilona@rate.com red 05/06/2006
Frodi Adelle Adelle.Frodi@rate.com black 11/24/1905
Hamil Esmeralda Esmeralda.Hamil@rate.com red 06/18/1967
