Hillel|Siana|Siana.Hillel@rate.com|white|12/28/1929
Ciapas|Jasmina|Jasmina.Ciapas@rate.com|red|11/17/1926
Bouchard|Lisette|Lisette.Bouchard@rate.com|red|10/09/1925
Lucienne|Brena|Brena.Lucienne@rate.com|black|04/22/2016
Mich|Wilma|Wilma.Mich@rate.com|green|02/10/2013
Tacye|Ashlee|Ashlee.Tacye@rate.com|green|06/05/1922
Hilbert|Ileana|Ileana.Hilbert@rate.com|purple|12/05/1916
Monk|Stevana|Stevana.Monk@rate.com|black|01/18/2006
Ilka|Augustine|Augustine.Ilka@rate.com|purple|02/18/1924
Billye|Mellicent|Mellicent.Billye@rate.com|purple|01/13/1927
Alcott|Ilse|Ilse.Alcott@rate.com|white|05/04/1984
Juliet|Kara-Lynn|Kara-Lynn.Juliet@rate.com|purple|11/15/2018
Gusella|Kore|Kore.Gusella@rate.com|green|06/06/1955
Orelee|Ekaterina|Ekaterina.Orelee@rate.com|purple|07/25/1952
Montgomery|Steffane|Steffane.Montgomery@rate.com|green|07/25/1953
Payson|Tamqrah|Tamqrah.Payson@rate.com|green|01/30/1906
Trey|Penelopa|Penelopa.Trey@rate.com|purple|07/30/1944
Joachim|Dode|Dode.Joachim@rate.com|white|04/04/1957
Tippets|Frances|Frances.Tippets@rate.com|purple|06/22/1902
Rustice|Dotty|Dotty.Rustice@rate.com|blue|03/15/2014
