Stevy,Gale,Gale.Stevy@rate.com,black,08/30/1978
Pulsifer,Nickie,Nickie.Pulsifer@rate.com,black,10/01/1939
Alice,Yvonne,Yvonne.Alice@rate.com,white,08/31/1933
Kazimir,Lilith,Lilith.Kazimir@rate.com,blue,03/28/1965
Pond,Lisette,Lisette.Pond@rate.com,black,09/19/1949
Oriana,Jessy,Jessy.Oriana@rate.com,black,02/02/1960
Medrek,Lorne,Lorne.Medrek@rate.com,white,11/18/1996
Markman,Damaris,Damaris.Markman@rate.com,yellow,04/12/1903
Natica,Lita,Lita.Natica@rate.com,white,08/16/1900
Byrne,Bobbi,Bobbi.Byrne@rate.com,green,01/10/1925
Baylor,Rosene,Rosene.Baylor@rate.com,blue,03/20/1930
Hartnett,Ronna,Ronna.Hartnett@rate.com,blue,03/21/1994
Ludewig,Viviene,Viviene.Ludewig@rate.com,green,03/20/1955
Eachern,Tersina,Tersina.Eachern@rate.com,yellow,05/09/1941
Audly,Eolanda,Eolanda.Audly@rate.com,blue,11/01/2004
Jerold,Caritta,Caritta.Jerold@rate.com,green,08/02/1954
Carbo,Talya,Talya.Carbo@rate.com,red,10/10/1901
Beniamino,Arabel,Arabel.Beniamino@rate.com,yellow,06/30/1901
Chabot,Trixi,Trixi.Chabot@rate.com,red,10/21/1960
Jillane,Dianemarie,Dianemarie.Jillane@rate.com,red,06/02/1953
Whiffen,Lizzie,Lizzie.Whiffen@rate.com,red,07/20/1943
Curren,Atlanta,Atlanta.Curren@rate.com,yellow,10/21/1999
Latini,Sharai,Sharai.Latini@rate.com,green,05/01/1977
Alfons,Carree,Carree.Alfons@rate.com,black,05/13/1953
Bartlett,Yvonne,Yvonne.Bartlett@rate.com,yellow,12/15/1907
Cressida,Halette,Halette.Cressida@rate.com,blue,08/06/1951
Brenn,Judy,Judy.Brenn@rate.com,yellow,10/22/1939
Melan,Ronna,Ronna.Melan@rate.com,black,03/05/2000
Brady,Aimil,Aimil.Brady@rate.com,yellow,03/01/1983
Baudin,Caritta,Caritta.Baudin@rate.com,blue,09/24/1956
Nerita,Renie,Renie.Nerita@rate.com,blue,05/01/2002
Esmaria,Jolyn,Jolyn.Esmaria@rate.com,black,12/21/1917
Alrich,Nariko,Nariko.Alrich@rate.com,blue,02/29/1904
Hurley,Kalina,Kalina.Hurley@rate.com,white,09/05/1998
Sikorski,Madeleine,Madeleine.Sikorski@rate.com,yellow,03/21/1957
Chinua,Anica,Anica.Chinua@rate.com,green,10/19/1908
Sperling,Jennica,Jennica.Sperling@rate.com,red,11/16/1996
Fiann,Aurelie,Aurelie.Fiann@rate.com,yellow,07/14/1928
Sheedy,Jordan,Jordan.Sheedy@rate.com,black,04/14/1937
Daegal,Frank,Frank.Daegal@rate.com,red,08/22/1934
Stover,Minne,Minne.Stover@rate.com,green,07/23/1942
Zrike,Myriam,Myriam.Zrike@rate.com,green,03/16/1905
Denis,Veda,Veda.Denis@rate.com,blue,06/23/1902
Blase,Lisette,Lisette.Blase@rate.com,red,03/23/1989
Fredi,Jeanna,Jeanna.Fredi@rate.com,yellow,10/30/1972
Schroth,Feliza,Feliza.Schroth@rate.com,green,11/20/2009
Esmaria,Constance,Constance.Esmaria@rate.com,yellow,09/27/1903
Pelagias,Correy,Correy.Pelagias@rate.com,green,09/30/2011
Pyle,Lexine,Lexine.Pyle@rate.com,black,05/13/1927
Romelda,Celisse,Celisse.Romelda@rate.com,green,05/09/2002
